{
    "vtab_cifar10": {
        "model": "ViT-B-32",
        "results": {
            "acc1": 0.8982,
            "acc5": 0.9961,
            "mean_per_class_recall": 0.8983000000000001,
            "reject_based_on_softmax_response": {
                "non-rejected-accuracy": [
                    89.83,
                    91.21052631578948,
                    91.91111111111111,
                    92.4235294117647,
                    92.85,
                    93.01333333333334,
                    93.34285714285714,
                    93.60000000000001,
                    93.95,
                    94.39999999999999,
                    94.54,
                    94.77777777777779,
                    95.05,
                    95.39999999999999,
                    95.83333333333334,
                    96.16,
                    97.0,
                    97.33333333333334,
                    97.2,
                    97.0
                ],
                "classification-quality": [
                    89.83,
                    88.47,
                    85.61,
                    82.28999999999999,
                    78.73,
                    74.69,
                    70.85000000000001,
                    66.85,
                    62.91,
                    59.01,
                    54.71,
                    50.470000000000006,
                    46.21,
                    41.949999999999996,
                    37.669999999999995,
                    33.25,
                    28.970000000000002,
                    24.37,
                    19.61,
                    14.87
                ],
                "rejection-quality": [
                    Infinity,
                    505.52741754945794,
                    359.02830503106816,
                    292.33806129865053,
                    252.772640038952,
                    216.97015215673363,
                    198.72992126901073,
                    183.11617304037637,
                    172.6443056209413,
                    165.19347821406961,
                    154.40869873799542,
                    146.40275969810384,
                    139.6274337991265,
                    133.96372231943565,
                    128.99303845111172,
                    123.65172819030428,
                    120.02029672760293,
                    114.71070493619632,
                    109.04606706584741,
                    104.14812161251199
                ]
            },
            "reject_based_on_least_confidence": {
                "non-rejected-accuracy": [
                    89.83,
                    91.21052631578948,
                    91.91111111111111,
                    92.4235294117647,
                    92.85,
                    93.01333333333334,
                    93.34285714285714,
                    93.60000000000001,
                    93.95,
                    94.39999999999999,
                    94.54,
                    94.77777777777779,
                    95.05,
                    95.39999999999999,
                    95.83333333333334,
                    96.16,
                    97.0,
                    97.33333333333334,
                    97.2,
                    97.0
                ],
                "classification-quality": [
                    89.83,
                    88.47,
                    85.61,
                    82.28999999999999,
                    78.73,
                    74.69,
                    70.85000000000001,
                    66.85,
                    62.91,
                    59.01,
                    54.71,
                    50.470000000000006,
                    46.21,
                    41.949999999999996,
                    37.669999999999995,
                    33.25,
                    28.970000000000002,
                    24.37,
                    19.61,
                    14.87
                ],
                "rejection-quality": [
                    Infinity,
                    505.52741754945794,
                    359.02830503106816,
                    292.33806129865053,
                    252.772640038952,
                    216.97015215673363,
                    198.72992126901073,
                    183.11617304037637,
                    172.6443056209413,
                    165.19347821406961,
                    154.40869873799542,
                    146.40275969810384,
                    139.6274337991265,
                    133.96372231943565,
                    128.99303845111172,
                    123.65172819030428,
                    120.02029672760293,
                    114.71070493619632,
                    109.04606706584741,
                    104.14812161251199
                ]
            },
            "reject_based_on_predictive_entropy": {
                "non-rejected-accuracy": [
                    89.83,
                    89.87368421052632,
                    89.9,
                    89.95294117647059,
                    89.9625,
                    89.98666666666666,
                    89.87142857142857,
                    89.8923076923077,
                    90.01666666666667,
                    89.96363636363637,
                    90.06,
                    89.97777777777777,
                    90.0,
                    89.94285714285715,
                    90.33333333333333,
                    90.84,
                    90.55,
                    91.2,
                    90.4,
                    91.0
                ],
                "classification-quality": [
                    89.83,
                    85.92999999999999,
                    81.99,
                    78.09,
                    74.11,
                    70.15,
                    65.99000000000001,
                    62.029999999999994,
                    58.19,
                    54.13,
                    50.23,
                    46.150000000000006,
                    42.17,
                    38.129999999999995,
                    34.37,
                    30.59,
                    26.39,
                    22.53,
                    18.25,
                    14.27
                ],
                "rejection-quality": [
                    Infinity,
                    109.16995348734434,
                    106.94472002857256,
                    107.68535494940537,
                    105.83584109335034,
                    105.17170500770693,
                    101.05925857743765,
                    101.26824868947637,
                    103.07447869743123,
                    101.79111242703046,
                    102.5240553448518,
                    101.32526139535479,
                    101.24212007245946,
                    100.6656336706158,
                    102.36690434461752,
                    103.69903535017926,
                    101.97424596143311,
                    102.65351144786818,
                    100.6937392949637,
                    100.67450895747896
                ]
            },
            "reject_based_on_margin_confidence": {
                "non-rejected-accuracy": [
                    89.82,
                    92.1157894736842,
                    94.17777777777778,
                    95.6470588235294,
                    96.7,
                    97.65333333333334,
                    98.22857142857143,
                    98.72307692307693,
                    98.86666666666667,
                    99.16363636363637,
                    99.3,
                    99.37777777777778,
                    99.47500000000001,
                    99.65714285714286,
                    99.76666666666667,
                    99.83999999999999,
                    99.8,
                    99.93333333333332,
                    99.9,
                    99.8
                ],